<?xml version="1.0"?>
<!DOCTYPE module PUBLIC
    "-//Puppy Crawl//DTD Check Configuration 1.3//EN"
    "http://www.puppycrawl.com/dtds/configuration_1_3.dtd">

<!--
Checkstyle configuration for Java Fundamentals, Fall 2015.
-->
<module name="Checker">

    <!-- See http://checkstyle.sf.net/config.html#TreeWalker -->
    <module name="TreeWalker">

        <!-- See http://checkstyle.sf.net/config_blocks.html -->
        <module name="EmptyBlock"/>
        <module name="LeftCurly"/>
        <module name="NeedBraces"/>
        <module name="RightCurly"/>
        <module name="AvoidNestedBlocks"/>

        <!-- See http://checkstyle.sf.net/config_design.html -->
        <module name="VisibilityModifier"/>

        <!-- See http://checkstyle.sf.net/config_coding.html -->
        <module name="AvoidInlineConditionals"/>
        <module name="EmptyStatement"/>
        <module name="InnerAssignment"/>
        <module name="ModifiedControlVariable"/>
        <module name="SimplifyBooleanExpression"/>
        <module name="SimplifyBooleanReturn"/>
        <module name="StringLiteralEquality"/>
<!--        <module name="RequireThis"/> -->
        <module name="ReturnCount"/>
        <module name="DeclarationOrder"/>
        <module name="ParameterAssignment"/>
        <module name="FallThrough"/>
        <module name="MultipleVariableDeclarations"/>
        <module name="UnnecessaryParentheses"/>
        <module name="OneStatementPerLine"/>

        <!-- See http://checkstyle.sf.net/config_imports.html -->
        <module name="AvoidStarImport"/>
        <module name="AvoidStaticImport"/>
        <module name="IllegalImport"/>
        <module name="RedundantImport"/>
        <module name="UnusedImports"/>

        <!-- See http://checkstyle.sf.net/config_javadoc.html -->
        <module name="JavadocType">
           <property name="authorFormat" value="\S"/>
           <property name="versionFormat" value="\S"/>
        </module>
        <module name="JavadocMethod"/>
        <module name="JavadocStyle"/>

        <!-- See http://checkstyle.sf.net/config_misc.html -->
        <module name="UpperEll"/>
        <module name="ArrayTypeStyle"/>
        <module name="Indentation">
            <property name="basicOffset" value="3"/>
            <property name="braceAdjustment" value="0"/>
            <property name="caseIndent" value="3"/>
        </module>
        <property name="tabWidth" value="4"/>

        <!-- See http://checkstyle.sf.net/config_modifiers.html -->
        <module name="ModifierOrder"/>
        <module name="RedundantModifier"/>

        <!-- See http://checkstyle.sf.net/config_naming.html -->
        <module name="ConstantName"/>
        <module name="LocalFinalVariableName">
            <property name="format" value="^[A-Z][A-Z0-9]*(_[A-Z0-9]+)*$"/>
        </module>
        <module name="LocalVariableName"/>
        <module name="MemberName"/>
        <module name="MethodName"/>
        <module name="PackageName"/>
        <module name="ParameterName"/>
        <module name="StaticVariableName"/>
        <module name="TypeName"/>

        <!-- See http://checkstyle.sf.net/config_sizes.html -->
        <module name="LineLength"/>
        <module name="MethodLength"/>

        <!-- See http://checkstyle.sf.net/config_whitespace.html -->
        <module name="MethodParamPad"/>
        <module name="NoWhitespaceAfter"/>
        <module name="NoWhitespaceBefore"/>
        <module name="OperatorWrap"/>
        <module name="ParenPad"/>
        <module name="TypecastParenPad"/>
        <module name="WhitespaceAfter"/>
        <module name="WhitespaceAround"/>
	<module name="EmptyLineSeparator">
	  <property name="tokens" value="PACKAGE_DEF, IMPORT, CLASS_DEF, 
					 INTERFACE_DEF, ENUM_DEF, STATIC_INIT,
					 INSTANCE_INIT, METHOD_DEF, CTOR_DEF"/>
	</module>

    </module>


    <!-- See http://checkstyle.sf.net/config_sizes.html -->
    <module name="FileLength"/>

    <!-- See http://checkstyle.sf.net/config_whitespace.html -->
    <module name="FileTabCharacter"/>

</module>
